{
  "meta": {
    "n_min": 8,
    "n_max": 10,
    "trials": 5,
    "seed_base": 1234,
    "rounds": 2,
    "max_steps": 240,
    "top_k": 10,
    "tol": 1e-09,
    "formula": "oracle/optimal <= 1 + n^(1/n)"
  },
  "summary": {
    "total": 15,
    "all_valid": 11,
    "pass_rate": 0.7333333333333333
  },
  "rows": [
    {
      "n": 8,
      "seed": 81290,
      "oracleCost": 5.391806900284328,
      "seedCost": 6.016032941576382,
      "optimalCost": 5.391806900284328,
      "optimalTour": [
        0,
        2,
        1,
        4,
        6,
        3,
        5,
        7
      ],
      "\u03b5": 0.7293530756786465,
      "tensorResidualErr": 0.0,
      "rapidityErr": 0.7293530756786465,
      "axisErr": 0.0,
      "ratio": 1.0,
      "bound": 2.29683955465101,
      "checks": {
        "hOptPos": true,
        "hProjResidual": true,
        "hResidualBudget": true,
        "hLocalCompletion": true,
        "hEpsEnvelope": true,
        "envelopeRatio": true,
        "valid": true
      }
    },
    {
      "n": 8,
      "seed": 81291,
      "oracleCost": 4.994481258844394,
      "seedCost": 5.346635005530272,
      "optimalCost": 4.994481258844394,
      "optimalTour": [
        0,
        6,
        4,
        7,
        2,
        5,
        3,
        1
      ],
      "\u03b5": 0.6200908973149726,
      "tensorResidualErr": 0.0,
      "rapidityErr": 0.6200908973149726,
      "axisErr": 0.0,
      "ratio": 1.0,
      "bound": 2.29683955465101,
      "checks": {
        "hOptPos": true,
        "hProjResidual": true,
        "hResidualBudget": true,
        "hLocalCompletion": true,
        "hEpsEnvelope": true,
        "envelopeRatio": true,
        "valid": true
      }
    },
    {
      "n": 8,
      "seed": 81292,
      "oracleCost": 4.855037694234352,
      "seedCost": 5.457762634797245,
      "optimalCost": 4.855037694234352,
      "optimalTour": [
        0,
        6,
        2,
        1,
        3,
        5,
        7,
        4
      ],
      "\u03b5": 0.6282960911097993,
      "tensorResidualErr": 0.0,
      "rapidityErr": 0.6282960911097993,
      "axisErr": 0.0,
      "ratio": 1.0,
      "bound": 2.29683955465101,
      "checks": {
        "hOptPos": true,
        "hProjResidual": true,
        "hResidualBudget": true,
        "hLocalCompletion": true,
        "hEpsEnvelope": true,
        "envelopeRatio": true,
        "valid": true
      }
    },
    {
      "n": 8,
      "seed": 81293,
      "oracleCost": 5.051459353451349,
      "seedCost": 5.449511290030193,
      "optimalCost": 5.051459353451349,
      "optimalTour": [
        0,
        3,
        1,
        5,
        2,
        7,
        4,
        6
      ],
      "\u03b5": 0.656037814680586,
      "tensorResidualErr": 0.0,
      "rapidityErr": 0.656037814680586,
      "axisErr": 0.0,
      "ratio": 1.0,
      "bound": 2.29683955465101,
      "checks": {
        "hOptPos": true,
        "hProjResidual": true,
        "hResidualBudget": true,
        "hLocalCompletion": true,
        "hEpsEnvelope": true,
        "envelopeRatio": true,
        "valid": true
      }
    },
    {
      "n": 8,
      "seed": 81294,
      "oracleCost": 5.399478471013438,
      "seedCost": 5.635230944423754,
      "optimalCost": 5.399478471013438,
      "optimalTour": [
        0,
        1,
        4,
        6,
        7,
        3,
        5,
        2
      ],
      "\u03b5": 0.6760603173416722,
      "tensorResidualErr": 0.0,
      "rapidityErr": 0.6760603173416722,
      "axisErr": 0.0,
      "ratio": 1.0,
      "bound": 2.29683955465101,
      "checks": {
        "hOptPos": true,
        "hProjResidual": true,
        "hResidualBudget": true,
        "hLocalCompletion": true,
        "hEpsEnvelope": true,
        "envelopeRatio": true,
        "valid": true
      }
    },
    {
      "n": 9,
      "seed": 91297,
      "oracleCost": 7.130610706420997,
      "seedCost": 7.440134418950966,
      "optimalCost": 7.130610706420997,
      "optimalTour": [
        0,
        5,
        3,
        6,
        8,
        2,
        4,
        7,
        1
      ],
      "\u03b5": 0.7780973604728872,
      "tensorResidualErr": 0.0,
      "rapidityErr": 0.7780973604728872,
      "axisErr": 0.0,
      "ratio": 1.0,
      "bound": 2.2765180070092415,
      "checks": {
        "hOptPos": true,
        "hProjResidual": true,
        "hResidualBudget": true,
        "hLocalCompletion": true,
        "hEpsEnvelope": true,
        "envelopeRatio": true,
        "valid": true
      }
    },
    {
      "n": 9,
      "seed": 91298,
      "oracleCost": 5.891122592951277,
      "seedCost": 6.510346207003255,
      "optimalCost": 5.873256622180652,
      "optimalTour": [
        0,
        7,
        4,
        2,
        5,
        6,
        1,
        8,
        3
      ],
      "\u03b5": 0.6679284315799133,
      "tensorResidualErr": 0.0,
      "rapidityErr": 0.6679284315799133,
      "axisErr": 0.0,
      "ratio": 1.0030419189761184,
      "bound": 2.2765180070092415,
      "checks": {
        "hOptPos": true,
        "hProjResidual": true,
        "hResidualBudget": true,
        "hLocalCompletion": true,
        "hEpsEnvelope": true,
        "envelopeRatio": true,
        "valid": true
      }
    },
    {
      "n": 9,
      "seed": 91299,
      "oracleCost": 5.269243378862073,
      "seedCost": 6.040336367368878,
      "optimalCost": 5.269243378862073,
      "optimalTour": [
        0,
        5,
        2,
        4,
        7,
        3,
        6,
        8,
        1
      ],
      "\u03b5": 0.6049638187792408,
      "tensorResidualErr": 0.0,
      "rapidityErr": 0.6049638187792408,
      "axisErr": 0.0,
      "ratio": 1.0,
      "bound": 2.2765180070092415,
      "checks": {
        "hOptPos": true,
        "hProjResidual": false,
        "hResidualBudget": true,
        "hLocalCompletion": true,
        "hEpsEnvelope": true,
        "envelopeRatio": true,
        "valid": false
      }
    },
    {
      "n": 9,
      "seed": 91300,
      "oracleCost": 5.824443815514968,
      "seedCost": 6.277642984617829,
      "optimalCost": 5.658893020778591,
      "optimalTour": [
        0,
        8,
        5,
        7,
        2,
        6,
        3,
        4,
        1
      ],
      "\u03b5": 0.6878216900328306,
      "tensorResidualErr": 0.0,
      "rapidityErr": 0.6878216900328306,
      "axisErr": 0.0,
      "ratio": 1.029254978690797,
      "bound": 2.2765180070092415,
      "checks": {
        "hOptPos": true,
        "hProjResidual": true,
        "hResidualBudget": true,
        "hLocalCompletion": true,
        "hEpsEnvelope": true,
        "envelopeRatio": true,
        "valid": true
      }
    },
    {
      "n": 9,
      "seed": 91301,
      "oracleCost": 5.621569456839107,
      "seedCost": 5.923596386227255,
      "optimalCost": 5.542097264572846,
      "optimalTour": [
        0,
        3,
        5,
        8,
        2,
        1,
        4,
        6,
        7
      ],
      "\u03b5": 0.6294892739280323,
      "tensorResidualErr": 0.0,
      "rapidityErr": 0.6294892739280323,
      "axisErr": 0.0,
      "ratio": 1.0143397325005963,
      "bound": 2.2765180070092415,
      "checks": {
        "hOptPos": true,
        "hProjResidual": true,
        "hResidualBudget": true,
        "hLocalCompletion": true,
        "hEpsEnvelope": true,
        "envelopeRatio": true,
        "valid": true
      }
    },
    {
      "n": 10,
      "seed": 101304,
      "oracleCost": 5.969975937528645,
      "seedCost": 6.662929015051452,
      "optimalCost": 5.969975937528645,
      "optimalTour": [
        0,
        7,
        6,
        1,
        8,
        2,
        9,
        5,
        4,
        3
      ],
      "\u03b5": 0.6235989461912941,
      "tensorResidualErr": 0.0,
      "rapidityErr": 0.6235989461912941,
      "axisErr": 0.0,
      "ratio": 1.0,
      "bound": 2.2589254117941673,
      "checks": {
        "hOptPos": true,
        "hProjResidual": false,