{
  "axis_discrimination_l2": {
    "axis1~axis2": 0.027778628297765673,
    "axis1~axis3": 0.03546920701671853,
    "axis1~lockin": 0.0,
    "axis2~axis3": 0.058578340890494206,
    "axis2~lockin": 0.027778628297765673,
    "axis3~lockin": 0.03546920701671853
  },
  "config": {
    "C_RINDLER_SHARED": 0.2,
    "M_LOCKIN": 4,
    "axis_horizons": {
      "axis1": 4,
      "axis2": 3,
      "axis3": 7,
      "lockin": 4
    },
    "excitation_shells": [
      1,
      4,
      7,
      10
    ],
    "horizons": [
      3,
      4,
      7
    ],
    "m_max": 24,
    "m_min": 1,
    "null_trials": 2000,
    "referenceM": 4,
    "rng_seed": 64
  },
  "excitation_null_test": {
    "baseline_horizon": 4,
    "chosen_score": 3.0,
    "empirical_p_value": 0.0125,
    "null_scores_summary": {
      "count": 2000,
      "mean": 9.09725,
      "p10": 5.5,
      "p50": 9.0,
      "p90": 12.75
    }
  },
  "horizon_stats": [
    {
      "excitation_score": 3.5,
      "horizon": 3,
      "lockin_well_depth": 0.04423626645379193,
      "mean_value": 0.07012318500594751,
      "min_m": 3,
      "min_value": 0.0,
      "minima_shells": [
        3
      ],
      "smoothness_no_rindler": 0.0645042088060833,
      "smoothness_rindler": 0.05205125943964843
    },
    {
      "excitation_score": 3.0,
      "horizon": 4,
      "lockin_well_depth": 0.0,
      "mean_value": 0.05727914053898999,
      "min_m": 4,
      "min_value": 0.0,
      "minima_shells": [
        4
      ],
      "smoothness_no_rindler": 0.05998060185330564,
      "smoothness_rindler": 0.050631068557267164
    },
    {
      "excitation_score": 3.0,
      "horizon": 7,
      "lockin_well_depth": 0.060789050594387634,
      "mean_value": 0.048165840065159865,
      "min_m": 7,
      "min_value": 0.0,
      "minima_shells": [
        7
      ],
      "smoothness_no_rindler": 0.05292568352512674,
      "smoothness_rindler": 0.04863329607966341
    }
  ],
  "lockin_checks": {
    "omega_k_lockin_identity_error": 0.0,
    "well_depth_lockin_identity": 0.0
  },
  "series": {
    "by_horizon": {
      "3": {
        "no_rindler": [
          0.39483306557199443,
          0.13528116560874695,
          0.0,
          0.07962527961686972,
          0.13018071591696959,
          0.16392101145582286,
          0.18721040677975545,
          0.20365058543490103,
          0.215416051186164,
          0.2238875426141912,
          0.22997789745766714,
          0.23431086969316064,
          0.23732454758380048,
          0.23933383164753985,
          0.24056959457989566,
          0.24120401080278323,
          0.24136739247187564,
          0.24115964939133808,
          0.2406582547237176,
          0.23992388583577356,
          0.23900448572114208,
          0.23793823119871513,
          0.23675573157811958,
          0.23548167732554842
        ],
        "rindler": [
          0.3290275546430545,
          0.0966294040061788,
          0.0,
          0.04423626645379193,
          0.06509035795845225,
          0.07450955066170378,
          0.07800433615819892,
          0.07832714824416258,
          0.0769343039950311,
          0.07462918087137219,
          0.07186809295549852,
          0.06891496167443874,
          0.06592348543992627,
          0.0629825872756518,
          0.06014239864495888,
          0.05742952638160138,
          0.054856225561777446,
          0.05242601073723602,
          0.050137136400764046,
          0.047984777167145116,
          0.04596240110021079,
          0.04406263540716131,
          0.04227780921037094,
          0.04060028919405307
        ]
      },
      "4": {
        "no_rindler": [
          0.44756949095830323,
          0.20564577793392075,
          0.07713025375647947,
          0.0,
          0.050005437196481844,
          0.0841588639016911,
          0.10835809126203161,
          0.1259646598674536,
          0.1390223291579236,
          0.1488379093661835,
          0.15628146864322576,
          0.16195180991744487,
          0.16627259216739243,
          0.16955065009236397,
          0.17201270365956567,
          0.17382920371027735,
          0.17513024916672476,
          0.1760164679641982,
          0.17656661300388407,
          0.17684296467350366,
          0.17689523791534156,
          0.17676345047541492,
          0.17648005727036364,
          0.1760715583183636
        ],
        "rindler": [
          0.3729745757982752,
          0.14688984138126704,
          0.048206408597769534,
          0.0,
          0.02500271859822842,
          0.03825402904620583,
          0.04514920469249435,
          0.048447946102848125,
          0.049650831842097835,
          0.04961263645537796,
          0.048837958950992785,
          0.04763288526982271,
          0.04618683115759618,
          0.044618592129557724,
          0.04300317591488067,
          0.04138790564529427,
          0.03980232935606476,
          0.038264449557426077,
          0.03678471104246818,
          0.03536859293469366,
          0.03401831498371299,
          0.03273397231025596,
          0.031514295941130734,
          0.03035716522729883
        ]
      },
      "7": {
        "no_rindler": [
          0.5200393779530426,
          0.3023401493532972,
          0.18312190435968442,
          0.10942029106995854,
          0.060170657335589184,
          0.025449509767228665,
          0.0,
          0.019209410422423093,
          0.034042813350024355,
          0.04570542739307364,
          0.05500854714777384,
          0.06251668805283161,
          0.06863368050313817,
          0.07365527522780416,
          0.07780248555485447,
          0.08124339379768766,
          0.08410780585518328,
          0.0864973365114955,
          0.088492497272303,
          0.09015777138126782,
          0.09154530877541232,
          0.09269765698504911,
          0.09364980714216996,
          0.09443074593382805
        ],
        "rindler": [
          0.43336614829384096,
          0.2159572495379152,
          0.11445119022473121,
          0.060789050594387634,
          0.03008532866777955,
          0.01156795898509868,
          0.0,
          0.007388234777852194,
          0.012158147625004357,
          0.015235142464352803,
          0.017190170983673952,
          0.018387261192003887,
          0.01906491125086642,
          0.019382967165206516,
          0.019450621388708754,
          0.019343665189921026,
          0.019115410421628218,
          0.01880376880684276,
          0.01843593693172595,
          0.01803155427624996,
          0.01760486707219129,
          0.017166232775005914,
          0.016723179846813076,
          0.01628116309203651
        ]
      }
    },
    "m": [
      1,
      2,
      3,
      4,
      5,
      6,
      7,
      8,
      9,
      10,
      11,
      12,
      13,
      14,
      15,
      16,
      17,
      18,
      19,
      20,
      21,
      22,
      23,
      24
    ]
  }
}