{
  "generated_utc": "2026-05-18T20:13:45.391490+00:00",
  "settings": {
    "dt": 2.0,
    "t_max": 250000.0,
    "use_j2": true,
    "r_escape_earth_radii": 40.0
  },
  "hqiv_coupling": {
    "vacuum_scale": 0.0,
    "metric_phi_scale": 0.0,
    "geff_on_newton": true,
    "paper_inertia_screen": true,
    "velocity_screen": true,
    "kappa_l": 0.0
  },
  "phi_homogeneous_si_m_s2": 1.3610577593199998e-09,
  "flybys": [
    {
      "case_id": "equator_to_pole",
      "label": "Equator inbound \u2192 polar outbound (max oblate angle)",
      "reported_anomaly_mm_s": null,
      "v_inf_m_s": 8890.0,
      "impact_parameter_km": 9570.0,
      "inbound_lat_deg": 0.0,
      "inbound_lon_deg": 0.0,
      "b_azimuth_deg": 90.0,
      "classical_delta_v_mm_s": 3948.185820492654,
      "hqiv_delta_v_mm_s": 3948.18582080552,
      "hqiv_minus_classical_mm_s": 3.128661774098873e-07,
      "r_ca_km": 5772.114507961146,
      "asymptote_lat_in_deg": -1.0590938776727772,
      "asymptote_lat_out_deg": 54.494841855041045,
      "latitude_exchange_deg": 55.553935732713825,
      "asymptote_deflection_deg": 55.55393573271384,
      "mean_oblate_coupling": 0.5000365920815169,
      "mean_one_minus_f": 1.72503389510581e-11,
      "max_one_minus_f": 1.8120505096419492e-11,
      "hqiv_latitude_exchange_deg": 55.55393573269829,
      "notes": "Tilted impact plane: equator approach, largest |\u0394\u03bb| for J\u2082/HQIV probe"
    },
    {
      "case_id": "equator_to_equator",
      "label": "Equator inbound \u2192 equator outbound (reference)",
      "reported_anomaly_mm_s": null,
      "v_inf_m_s": 8890.0,
      "impact_parameter_km": 9570.0,
      "inbound_lat_deg": 0.0,
      "inbound_lon_deg": 0.0,
      "b_azimuth_deg": 180.0,
      "classical_delta_v_mm_s": -4088.7968826446013,
      "hqiv_delta_v_mm_s": -4088.796881353119,
      "hqiv_minus_classical_mm_s": 1.291482476517558e-06,
      "r_ca_km": 5773.301296866911,
      "asymptote_lat_in_deg": -1.2969420671225127e-16,
      "asymptote_lat_out_deg": 5.711376721796807e-15,
      "latitude_exchange_deg": 5.841070928509058e-15,
      "asymptote_deflection_deg": 55.56453540512283,
      "mean_oblate_coupling": 1.0,
      "mean_one_minus_f": 1.7274095243990926e-11,
      "max_one_minus_f": 1.8152923608738547e-11,
      "hqiv_latitude_exchange_deg": 5.841070928507964e-15,
      "notes": "Coplanar equatorial flyby; smaller latitude exchange"
    },
    {
      "case_id": "near_1998",
      "label": "NEAR Earth flyby (1998-01)",
      "reported_anomaly_mm_s": 13.46,
      "v_inf_m_s": 6850.0,
      "impact_parameter_km": 9700.0,
      "inbound_lat_deg": 0.0,
      "inbound_lon_deg": 0.0,
      "b_azimuth_deg": 180.0,
      "classical_delta_v_mm_s": -12613.47697156907,
      "hqiv_delta_v_mm_s": -12613.47696726989,
      "hqiv_minus_classical_mm_s": 4.299181455280632e-06,
      "r_ca_km": 4396.990205599945,
      "asymptote_lat_in_deg": -1.3018200379747235e-16,
      "asymptote_lat_out_deg": 6.943347335839627e-15,
      "latitude_exchange_deg": 7.073529339637099e-15,
      "asymptote_deflection_deg": 82.47412382086762,
      "mean_oblate_coupling": 1.0,
      "mean_one_minus_f": 2.8154223706167158e-11,
      "max_one_minus_f": 3.038391760412651e-11,
      "hqiv_latitude_exchange_deg": 7.073529339639743e-15,
      "notes": "Anderson et al.; geometry approximate"
    },
    {
      "case_id": "galileo_1990",
      "label": "Galileo Earth flyby (1990-12)",
      "reported_anomaly_mm_s": 3.92,
      "v_inf_m_s": 8890.0,
      "impact_parameter_km": 9570.0,
      "inbound_lat_deg": 0.0,
      "inbound_lon_deg": 0.0,
      "b_azimuth_deg": 180.0,
      "classical_delta_v_mm_s": -4088.7968826446013,
      "hqiv_delta_v_mm_s": -4088.796881353119,
      "hqiv_minus_classical_mm_s": 1.291482476517558e-06,
      "r_ca_km": 5773.301296866911,
      "asymptote_lat_in_deg": -1.2969420671225127e-16,
      "asymptote_lat_out_deg": 5.711376721796807e-15,
      "latitude_exchange_deg": 5.841070928509058e-15,
      "asymptote_deflection_deg": 55.56453540512283,
      "mean_oblate_coupling": 1.0,
      "mean_one_minus_f": 1.7274095243990926e-11,
      "max_one_minus_f": 1.8152923608738547e-11,
      "hqiv_latitude_exchange_deg": 5.841070928507964e-15,
      "notes": ""
    },
    {
      "case_id": "cassini_1999",
      "label": "Cassini Earth flyby (1999-08)",
      "reported_anomaly_mm_s": 0.11,
      "v_inf_m_s": 16010.0,
      "impact_parameter_km": 26980.0,
      "inbound_lat_deg": 0.0,
      "inbound_lon_deg": 0.0,
      "b_azimuth_deg": 0.0,
      "classical_delta_v_mm_s": -19.596084108343348,
      "hqiv_delta_v_mm_s": -19.596083940996323,
      "hqiv_minus_classical_mm_s": 1.673470251262188e-07,
      "r_ca_km": 25469.422147642985,
      "asymptote_lat_in_deg": 0.0,
      "asymptote_lat_out_deg": 0.0,
      "latitude_exchange_deg": 0.0,
      "asymptote_deflection_deg": 6.588494023407904,
      "mean_oblate_coupling": 1.0,
      "mean_one_minus_f": 5.529243859214717e-12,
      "max_one_minus_f": 5.628941757152006e-12,
      "hqiv_latitude_exchange_deg": 0.0,
      "notes": ""
    },
    {
      "case_id": "rosetta_2005",
      "label": "Rosetta Earth flyby (2005-03)",
      "reported_anomaly_mm_s": 1.82,
      "v_inf_m_s": 4450.0,
      "impact_parameter_km": 5300.0,
      "inbound_lat_deg": 0.0,
      "inbound_lon_deg": 0.0,
      "b_azimuth_deg": 0.0,
      "classical_delta_v_mm_s": NaN,
      "hqiv_delta_v_mm_s": NaN,
      "hqiv_minus_classical_mm_s": NaN,
      "r_ca_km": 675.6053574860777,
      "asymptote_lat_in_deg": 0.0,
      "asymptote_lat_out_deg": 90.0,
      "latitude_exchange_deg": 90.0,
      "asymptote_deflection_deg": 0.0,
      "mean_oblate_coupling": 1.0,
      "mean_one_minus_f": 3.358953411867205e-10,
      "max_one_minus_f": 7.673485180603734e-10,
      "hqiv_latitude_exchange_deg": 90.0,
      "notes": ""
    },
    {
      "case_id": "generic_deep",
      "label": "Generic deep flyby (probe)",
      "reported_anomaly_mm_s": null,
      "v_inf_m_s": 10000.0,
      "impact_parameter_km": 15000.0,
      "inbound_lat_deg": 0.0,
      "inbound_lon_deg": 0.0,
      "b_azimuth_deg": 0.0,
      "classical_delta_v_mm_s": -473.40605714816775,
      "hqiv_delta_v_mm_s": -473.40605658246204,
      "hqiv_minus_classical_mm_s": 5.657057045027614e-07,
      "r_ca_km": 11533.992616336896,
      "asymptote_lat_in_deg": 0.0,
      "asymptote_lat_out_deg": 0.0,
      "latitude_exchange_deg": 0.0,
      "asymptote_deflection_deg": 29.74331373437936,
      "mean_oblate_coupling": 1.0,
      "mean_one_minus_f": 1.3782471373957606e-11,
      "max_one_minus_f": 1.4352963262354024e-11,
      "hqiv_latitude_exchange_deg": 0.0,
      "notes": "Template for parameter scans"
    }
  ]
}