{
  "flybys": [
    {
      "case_id": "oumuamua_2017",
      "case": "1I/'Oumuamua (2017) \u2014 quiet hyperbolic Sun passage",
      "reported_anomaly_mm_s": null,
      "classical_delta_v_mm_s": -400.2584049849247,
      "hqiv_delta_v_mm_s": -400.3269879758591,
      "hqiv_minus_classical_mm_s": -0.06858299093437381,
      "r_ca_km": 38157800.72539339,
      "mean_one_minus_f_out": 2.0451845973403095e-09,
      "mean_one_minus_f": 1.7354911773444715e-09,
      "mean_orbital_angular_rindler_m_s2": 0.00106048739709888,
      "max_orbital_angular_rindler_m_s2": 0.1092051231197862,
      "orbital_angular_rindler_at_ca_m_s2": 0.006925571553184792,
      "asymptote_lat_in_deg": -0.701900231220871,
      "asymptote_lat_out_deg": 32.26184666060077,
      "latitude_exchange_deg": 32.963746891821636,
      "ephemeris": "mean",
      "integrator": "rk4",
      "approach_sense": "retrograde",
      "initial_h_z_m2_s": -2733336060336627.5,
      "initial_lz_over_h_ref_signed": -0.819152044288992,
      "initial_lz_over_h_signed": -0.8191520442889918,
      "notes": "q\u22480.255 AU; non-gravitational forces neglected (quiet visitor)"
    },
    {
      "case_id": "borisov_2019",
      "case": "2I/Borisov (2019) \u2014 quiet hyperbolic Sun passage",
      "reported_anomaly_mm_s": null,
      "classical_delta_v_mm_s": -2.457090886309743e-05,
      "hqiv_delta_v_mm_s": -2.0310835679993033e-05,
      "hqiv_minus_classical_mm_s": 4.260073183104396e-06,
      "r_ca_km": 300694471.607251,
      "mean_one_minus_f_out": 3.4810587468309863e-09,
      "mean_one_minus_f": 3.4117057334685637e-09,
      "mean_orbital_angular_rindler_m_s2": 0.0005099736193097768,
      "max_orbital_angular_rindler_m_s2": 0.004247873145128996,
      "orbital_angular_rindler_at_ca_m_s2": 4.792954308339028e-05,
      "asymptote_lat_in_deg": -8.581956580541585,
      "asymptote_lat_out_deg": 25.517197943648988,
      "latitude_exchange_deg": 34.099154524190574,
      "ephemeris": "mean",
      "integrator": "rk4",
      "approach_sense": "retrograde",
      "initial_h_z_m2_s": -0.8036126268468061,
      "initial_lz_over_h_ref_signed": -6.099933241728102e-17,
      "initial_lz_over_h_signed": -6.099933241728101e-17,
      "notes": "q\u22482.01 AU; coma drag not modeled"
    },
    {
      "case_id": "interstellar_ecliptic",
      "case": "Generic quiet interstellar visitor (ecliptic)",
      "reported_anomaly_mm_s": null,
      "classical_delta_v_mm_s": -0.005756246537202969,
      "hqiv_delta_v_mm_s": -0.005729161784984171,
      "hqiv_minus_classical_mm_s": 2.7084752218797803e-05,
      "r_ca_km": 149598557.25791705,
      "mean_one_minus_f_out": 3.266986357216252e-10,
      "mean_one_minus_f": 2.0966550559212547e-09,
      "mean_orbital_angular_rindler_m_s2": 0.0002922932986147287,
      "max_orbital_angular_rindler_m_s2": 0.008314234064471635,
      "orbital_angular_rindler_at_ca_m_s2": 6.776352313249482e-05,
      "asymptote_lat_in_deg": -1.6948988434737228e-16,
      "asymptote_lat_out_deg": 6.9727453407907475e-15,
      "latitude_exchange_deg": 7.14223522513812e-15,
      "ephemeris": "mean",
      "integrator": "rk4",
      "approach_sense": "prograde",
      "initial_h_z_m2_s": 6975586430643528.0,
      "initial_lz_over_h_ref_signed": 1.0,
      "initial_lz_over_h_signed": 1.0,
      "notes": "Template: q=1 AU, v_\u221e=20 km/s"
    },
    {
      "case_id": "interstellar_polar",
      "case": "Generic quiet interstellar visitor (high inclination)",
      "reported_anomaly_mm_s": null,
      "classical_delta_v_mm_s": -0.0057564575399737805,
      "hqiv_delta_v_mm_s": -0.005659734597429633,
      "hqiv_minus_classical_mm_s": 9.672294254414737e-05,
      "r_ca_km": 149598557.25714034,
      "mean_one_minus_f_out": 1.2799250763076555e-09,
      "mean_one_minus_f": 6.8472100269389225e-09,
      "mean_orbital_angular_rindler_m_s2": 0.0002922932986161379,
      "max_orbital_angular_rindler_m_s2": 0.008314234064609143,
      "orbital_angular_rindler_at_ca_m_s2": 6.776352037297561e-05,
      "asymptote_lat_in_deg": -61.384124556696946,
      "asymptote_lat_out_deg": 23.58278928539113,
      "latitude_exchange_deg": 84.96691384208808,
      "ephemeris": "mean",
      "integrator": "rk4",
      "approach_sense": "retrograde",
      "initial_h_z_m2_s": -0.2135657398615827,
      "initial_lz_over_h_ref_signed": -3.061616997868383e-17,
      "initial_lz_over_h_signed": -3.061616997868387e-17,
      "notes": "High ecliptic latitude; tests L_eq floor without planetary spin"
    }
  ]
}