{
  "physical_constants": {
    "h_Js": 6.62607015e-34,
    "hbar_Js": 1.054571817e-34,
    "c_mps": 299792458.0,
    "k_B_JperK": 1.380649e-23,
    "T_Pl_K": 1.4167841617232972e+32,
    "c_2_mK": 0.014387768775039337,
    "b_lambda_mK": 0.002897771955,
    "x_Wien_wavelength": 4.965114231,
    "x_Wien_frequency": 2.821439372,
    "sigma_SB_WperM2K4": 5.670374419e-08
  },
  "HQIV_parameters": {
    "alpha": 0.6,
    "referenceM": 4,
    "available_modes_referenceM": 120,
    "beta_imprint_referenceM_rad": 0.9656627474604601,
    "beta_imprint_referenceM_deg": 55.32839986249182
  },
  "tests": [
    {
      "test": "Wien constant universality (HQIV crossover at x=1)",
      "HQIV_prediction": "\u03bb_crossover \u00b7 T = c_2 = hc/k_B = 14.388 mm\u00b7K",
      "standard_Wien": "\u03bb_peak \u00b7 T = b = 2.898 mm\u00b7K = c_2 / 4.965",
      "rows": [
        {
          "source": "Sun_photosphere",
          "T_K": 5778.0,
          "lambda_HQIV_m": 2.490094976642322e-06,
          "lambda_HQIV_um": 2.490094976642322,
          "lambda_Wien_m": 5.015181645898235e-07,
          "lambda_Wien_um": 0.5015181645898235,
          "ratio_HQIV_over_Wien": 4.9651142320615556,
          "logslope_at_HQIV_xeq1": 1.4180232931306735,
          "logslope_at_Wien_xeq2_82": 1.0662670746341973e-10
        },
        {
          "source": "Tungsten_filament_3000K",
          "T_K": 3000.0,
          "lambda_HQIV_m": 4.795922925013112e-06,
          "lambda_HQIV_um": 4.795922925013112,
          "lambda_Wien_m": 9.65923985e-07,
          "lambda_Wien_um": 0.965923985,
          "ratio_HQIV_over_Wien": 4.9651142320615556,
          "logslope_at_HQIV_xeq1": 1.4180232931306735,
          "logslope_at_Wien_xeq2_82": 1.0662670746341973e-10
        },
        {
          "source": "Iron_at_melting_1811K",
          "T_K": 1811.0,
          "lambda_HQIV_m": 7.944654210402726e-06,
          "lambda_HQIV_um": 7.944654210402726,
          "lambda_Wien_m": 1.6000949503036997e-06,
          "lambda_Wien_um": 1.6000949503036996,
          "ratio_HQIV_over_Wien": 4.9651142320615556,
          "logslope_at_HQIV_xeq1": 1.4180232931306735,
          "logslope_at_Wien_xeq2_82": 1.0662670746341973e-10
        },
        {
          "source": "Liquid_nitrogen_77K",
          "T_K": 77.0,
          "lambda_HQIV_m": 0.0001868541399355758,
          "lambda_HQIV_um": 186.8541399355758,
          "lambda_Wien_m": 3.763340201298701e-05,
          "lambda_Wien_um": 37.63340201298701,
          "ratio_HQIV_over_Wien": 4.9651142320615556,
          "logslope_at_HQIV_xeq1": 1.4180232931306735,
          "logslope_at_Wien_xeq2_82": 1.0662670746341973e-10
        },
        {
          "source": "CMB_2_725K",
          "T_K": 2.7255,
          "lambda_HQIV_m": 0.005278946532760718,
          "lambda_HQIV_um": 5278.946532760718,
          "lambda_Wien_m": 0.0010632074683544304,
          "lambda_Wien_um": 1063.2074683544304,
          "ratio_HQIV_over_Wien": 4.9651142320615556,
          "logslope_at_HQIV_xeq1": 1.4180232931306735,
          "logslope_at_Wien_xeq2_82": 1.0662670746341973e-10
        }
      ],
      "verdict": "PASS: HQIV's x=1 crossover is universal property of any Planck spectrum. Standard Wien peak at x\u22482.82 (freq) is a separate feature (where dB/d\u03bd=0). The two coexist; HQIV does NOT predict the peak is at x=1."
    },
    {
      "test": "Stefan-Boltzmann ceiling from cumulative mode budget",
      "HQIV_prediction": "U(T) / T < cumulativeShellModeMultiplicity (integer)",
      "standard_SB": "\u03c3_SB = 5.6704e-08 W/(m\u00b2 K^4), a_rad = 7.5657e-16 J/(m\u00b3 K^4)",
      "T_test_K": 5778.0,
      "U_standard_Planck_J_per_m3": 0.8432593689170105,
      "rows": [
        {
          "m_IR": 4,
          "N_total_modes": 120,
          "HQIV_ceiling_U_over_T_natural_units": 120
        },
        {
          "m_IR": 10,
          "N_total_modes": 528,
          "HQIV_ceiling_U_over_T_natural_units": 528
        },
        {
          "m_IR": 100,
          "N_total_modes": 41208,
          "HQIV_ceiling_U_over_T_natural_units": 41208
        },
        {
          "m_IR": 1000,
          "N_total_modes": 4012008,
          "HQIV_ceiling_U_over_T_natural_units": 4012008
        }
      ],
      "verdict": "DIMENSIONALLY DISTINCT: HQIV bounds U/T by an integer mode count (dimensionless in natural units). Standard SB has U/T^4 = a (J m^-3 K^-4). Both correct in their own conventions; HQIV reduces to Planck in continuum limit (m >> 1)."
    },
    {
      "test": "Polarized greybody at proton anchor (m = 0..4)",
      "HQIV_prediction": "\u03b5(m) = cos\u00b2(2 \u03b1 log(m+1)) with \u03b1 = 3/5",
      "rows": [
        {
          "m": 0,
          "beta_rad": 0.0,
          "beta_deg": 0.0,
          "epsilon_E_cos2_2beta": 1.0,
          "epsilon_B_sin2_2beta": 0.0,
          "sum_E_plus_B": 1.0
        },
        {
          "m": 1,
          "beta_rad": 0.4158883083359672,
          "beta_deg": 23.828644816486374,
          "epsilon_E_cos2_2beta": 0.4536880236151642,
          "epsilon_B_sin2_2beta": 0.5463119763848359,
          "sum_E_plus_B": 1.0
        },
        {
          "m": 2,
          "beta_rad": 0.6591673732008658,
          "beta_deg": 37.767508477134456,
          "epsilon_E_cos2_2beta": 0.062394176387091965,
          "epsilon_B_sin2_2beta": 0.937605823612908,
          "sum_E_plus_B": 1.0
        },
        {
          "m": 3,
          "beta_rad": 0.8317766166719344,
          "beta_deg": 47.65728963297275,
          "epsilon_E_cos2_2beta": 0.00857919662667838,
          "epsilon_B_sin2_2beta": 0.9914208033733215,
          "sum_E_plus_B": 0.9999999999999999
        },
        {
          "m": 4,
          "beta_rad": 0.9656627474604601,
          "beta_deg": 55.32839986249182,
          "epsilon_E_cos2_2beta": 0.12444627123540906,
          "epsilon_B_sin2_2beta": 0.875553728764591,
          "sum_E_plus_B": 1.0
        }
      ],
      "verdict": "PASS: \u03b5_E + \u03b5_B = 1 at every shell (proved in Lean). Birefringence ramps from 0\u00b0 at m=0 (Planck pole, pure E) to 55.3\u00b0 at m=4 (proton anchor)."
    },
    {
      "test": "Lean-proved birefringence identities (numerical check)",
      "cumulativeBirefringenceShift_self": 0.0,
      "max_planck_pole_residual": 0.0,
      "max_inverse_round_trip_residual": 1.1102230246251565e-16,
      "from_planck_pole_cases": [
        {
          "m": 1,
          "cumulativeBirefringenceShift_0_m": 0.4158883083359672,
          "shellBirefringenceAngle_m": 0.4158883083359672,
          "absolute_residual": 0.0
        },
        {
          "m": 4,
          "cumulativeBirefringenceShift_0_m": 0.9656627474604601,
          "shellBirefringenceAngle_m": 0.9656627474604601,
          "absolute_residual": 0.0
        },
        {
          "m": 10,
          "cumulativeBirefringenceShift_0_m": 1.4387371636790223,
          "shellBirefringenceAngle_m": 1.4387371636790223,
          "absolute_residual": 0.0
        },
        {
          "m": 100,
          "cumulativeBirefringenceShift_0_m": 2.7690723101047556,
          "shellBirefringenceAngle_m": 2.7690723101047556,
          "absolute_residual": 0.0
        }
      ],
      "inverse_round_trip_cases": [
        {
          "beta_deg_input": 0.1,
          "beta_recovered_after_round_trip_deg": 0.10000000000000077,
          "round_trip_residual_rad": 1.3227266504323154e-17
        },
        {
          "beta_deg_input": 0.342,
          "beta_recovered_after_round_trip_deg": 0.34200000000000363,
          "round_trip_residual_rad": 6.331740687315346e-17
        },
        {
          "beta_deg_input": 1.0,
          "beta_recovered_after_round_trip_deg": 0.9999999999999974,
          "round_trip_residual_rad": 4.5102810375396984e-17
        },
        {
          "beta_deg_input": 10.0,
          "beta_recovered_after_round_trip_deg": 10.000000000000002,