{
  "scale_witness_default": "proton_lockin",
  "referenceM": 4,
  "geV_per_MeV": 0.001,
  "CODATA_inv_alpha": 137.035999177,
  "m_H": 23.52,
  "M_W": 3.92,
  "M_Z": 5.488,
  "resonanceK_outer_0_1": 1.4,
  "resonanceK_outer_1_2": 1.3333333333333333,
  "derivedProtonMass_MeV": 938.272,
  "derivedNeutronMass_MeV": 939.565,
  "derivedDeltaM_MeV": 1.293,
  "proton_neutron_delta": 1.293,
  "neutrino_source": "tuft_outer_t8_t10",
  "nu_m1_MeV": 4.1098720206098567e-10,
  "nu_m2_MeV": 2.4659232123659137e-09,
  "nu_m3_MeV": 3.6988848185488703e-09,
  "nu_sum_MeV": 6.57579523297577e-09,
  "pmns_theta12_rad": 0.5235987755982989,
  "pmns_theta23_rad": 0.6154797086703873,
  "pmns_theta13_rad": 0.2255134058981312,
  "pmns_delta_rad": 0.6283185307179586,
  "m_nu_e_derived_status": "retired"
}
