{
  "double_occupancy_proxy": 0.1571523309114741,
  "double_occupancy_proxy_t": 7.017585891202072e-32,
  "eigenvalues": [
    -2.154065922853802,
    -0.7999999999999998,
    0.8000000000000003,
    2.1540659228538015
  ],
  "gap": 1.354065922853801,
  "ground_energy": -2.154065922853801,
  "lambda_shell": 0.8,
  "model": "hubbard_dimer_reduced_spin_sector",
  "phi_of_shell": 10.0,
  "shell_m": 4,
  "spin_correlation": 0.24999999999999986,
  "spin_correlation_t": -0.7499999999999991,
  "t_hop": 1.0,
  "time": 0.6283185307179586
}
