{
  "source": "scripts/hqiv_isotope_stability_halflife.py",
  "lean_module": "Hqiv.Physics.DynamicIsotopeStability",
  "label_policy": "P120 means proton-count 120 with default A=2Z; pass --A/--Z to override",
  "em_tipping_qualified": true,
  "lab_temperature_K": 300.0,
  "neutrino_mass_mev": 4.1098720206098567e-10,
  "lab_gravity_phi_epsilon_default": 6.14612566152857e-07,
  "lab_gravity_binding_stack_default": {
    "earth": 6.953485068002883e-10,
    "sun": 9.870628715107786e-09,
    "galaxy": 6.040465889309489e-07,
    "molecular": 0.0,
    "total": 6.14612566152857e-07,
    "total_gravity": 6.14612566152857e-07
  },
  "earth_surface_phi_epsilon": 6.953485068002883e-10,
  "solar_phi_epsilon_at_1au": 9.870628715107786e-09,
  "galactic_circular_phi_epsilon": 6.040465889309489e-07,
  "electron_mass_mev": 0.5109989461,
  "weak_bridge_shape": 0.05555555555555555,
  "lockin": {
    "label": "Z1A1",
    "A": 1,
    "Z": 1,
    "N": 0,
    "xi": 5.0,
    "well_shield_mev": 0.0,
    "width_well_shield_mev": 0.0,
    "cluster_caustic_total_mev": 0.0,
    "own_binding_mev": 0.8786749038688855,
    "beta_minus_raw_residual_mev": 0.29300000000000637,
    "beta_plus_raw_residual_mev": -2.2930000000000064,
    "beta_minus_endpoint_q_mev": null,
    "beta_plus_endpoint_q_mev": -1.8039989461000063,
    "neutron_excess_drive_mev": 0.0,
    "proton_excess_drive_mev": 0.0,
    "beta_minus_effective_residual_mev": 0.29300000000000637,
    "beta_plus_effective_residual_mev": -2.2930000000000064,
    "structurally_shielded": false,
    "em_tipping_qualified": true,
    "active_channel": "stable",
    "dynamically_stable": true,
    "lab_temperature_K": 300.0,
    "lab_gravity_phi_epsilon": 6.14612566152857e-07,
    "lab_gravity_binding_stack": {
      "earth": 6.953485068002883e-10,
      "sun": 9.870628715107786e-09,
      "galaxy": 6.040465889309489e-07,
      "molecular": 0.0,
      "total": 6.14612566152857e-07,
      "total_gravity": 6.14612566152857e-07
    },
    "lab_molecular_host": null,
    "lab_outside_gravity_factor": 1.0000001475069977,
    "lab_outside_curvature_factor": 0.9985461128319355,
    "local_curvature_neutrino_opacity_barn": 320745189.0471357,
    "local_curvature_weak_width_factor": 1.0730742857142856,
    "local_curvature_weak_width_factor_low": 1.0676613756613755,
    "local_curvature_weak_width_factor_high": 1.0789202285714286,
    "neutrino_mass_mev": 4.1098720206098567e-10,
    "weak_bridge_energy_mev": 2.2832622336721425e-11,
    "beta_phase_space_q_mev": null,
    "half_life_seconds": null,
    "half_life_label": "stable (\u221e after EM-tipping qualification)",
    "notes": "endpoint Q + valley geometry; outside support = temperature + gravity stack (full); local \u03bd opacity width \u00d7 1.073074 (1.067661\u20131.078920)"
  },
  "bbn_0_1_MeV": {
    "label": "Z1A1",
    "A": 1,
    "Z": 1,
    "N": 0,
    "xi": 1.2209e+23,
    "well_shield_mev": 0.0,
    "width_well_shield_mev": 0.0,
    "cluster_caustic_total_mev": 0.0,
    "own_binding_mev": 0.6893855034985211,
    "beta_minus_raw_residual_mev": 0.29300000000000637,
    "beta_plus_raw_residual_mev": -2.0775740221589345,
    "beta_minus_endpoint_q_mev": null,
    "beta_plus_endpoint_q_mev": -1.8039989461000063,
    "neutron_excess_drive_mev": 0.0,
    "proton_excess_drive_mev": 0.0,
    "beta_minus_effective_residual_mev": 0.29300000000000637,
    "beta_plus_effective_residual_mev": -2.0775740221589345,
    "structurally_shielded": false,
    "em_tipping_qualified": true,
    "active_channel": "stable",
    "dynamically_stable": true,
    "lab_temperature_K": 300.0,
    "lab_gravity_phi_epsilon": 6.14612566152857e-07,
    "lab_gravity_binding_stack": {
      "earth": 6.953485068002883e-10,
      "sun": 9.870628715107786e-09,
      "galaxy": 6.040465889309489e-07,
      "molecular": 0.0,
      "total": 6.14612566152857e-07,
      "total_gravity": 6.14612566152857e-07
    },
    "lab_molecular_host": null,
    "lab_outside_gravity_factor": 1.0000001475069977,
    "lab_outside_curvature_factor": 0.9985461128319355,
    "local_curvature_neutrino_opacity_barn": 320745189.0471357,
    "local_curvature_weak_width_factor": 1.0730742857142856,
    "local_curvature_weak_width_factor_low": 1.0676613756613755,
    "local_curvature_weak_width_factor_high": 1.0789202285714286,
    "neutrino_mass_mev": 4.1098720206098567e-10,
    "weak_bridge_energy_mev": 2.2832622336721425e-11,
    "beta_phase_space_q_mev": null,
    "half_life_seconds": null,
    "half_life_label": "stable (\u221e after EM-tipping qualification)",
    "notes": "endpoint Q + valley geometry; outside support = temperature + gravity stack (full); local \u03bd opacity width \u00d7 1.073074 (1.067661\u20131.078920)"
  }
}
