{
  "axis_discrimination_l2": {
    "e1~e2": 0.030023222641243363,
    "e1~e3": 0.0461772988752813,
    "e1~e4": 0.056293676693598554,
    "e1~e5": 0.0630801487508609,
    "e1~e6": 0.06787062946031963,
    "e1~e7": 0.07138956399883689,
    "e1~lockin": 0.030023222641243363,
    "e2~e3": 0.018725527346860886,
    "e2~e4": 0.03028241843924787,
    "e2~e5": 0.038252375596469115,
    "e2~e6": 0.044038874464480814,
    "e2~e7": 0.04841123039269833,
    "e2~lockin": 0.0,
    "e3~e4": 0.012952660686376011,
    "e3~e5": 0.02171422339110206,
    "e3~e6": 0.02816135769154994,
    "e3~e7": 0.033095944560788064,
    "e3~lockin": 0.018725527346860886,
    "e4~e5": 0.009579434873333277,
    "e4~e6": 0.01649480536082155,
    "e4~e7": 0.021825160824712156,
    "e4~lockin": 0.03028241843924787,
    "e5~e6": 0.007423846748388282,
    "e5~e7": 0.01304765687030823,
    "e5~lockin": 0.038252375596469115,
    "e6~e7": 0.005955197201901822,
    "e6~lockin": 0.044038874464480814,
    "e7~lockin": 0.04841123039269833
  },
  "axis_excitation_tests": {
    "e1": {
      "chosen_score": 3.5,
      "empirical_p_value": 0.045,
      "horizon": 3,
      "minima_shells": [
        3
      ]
    },
    "e2": {
      "chosen_score": 3.0,
      "empirical_p_value": 0.043,
      "horizon": 4,
      "minima_shells": [
        4
      ]
    },
    "e3": {
      "chosen_score": 3.0,
      "empirical_p_value": 0.055,
      "horizon": 5,
      "minima_shells": [
        5
      ]
    },
    "e4": {
      "chosen_score": 3.0,
      "empirical_p_value": 0.0605,
      "horizon": 6,
      "minima_shells": [
        6
      ]
    },
    "e5": {
      "chosen_score": 3.0,
      "empirical_p_value": 0.056,
      "horizon": 7,
      "minima_shells": [
        7
      ]
    },
    "e6": {
      "chosen_score": 3.5,
      "empirical_p_value": 0.148,
      "horizon": 8,
      "minima_shells": [
        8
      ]
    },
    "e7": {
      "chosen_score": 4.0,
      "empirical_p_value": 0.268,
      "horizon": 9,
      "minima_shells": [
        9
      ]
    },
    "lockin": {
      "chosen_score": 3.0,
      "empirical_p_value": 0.04,
      "horizon": 4,
      "minima_shells": [
        4
      ]
    }
  },
  "config": {
    "C_RINDLER_SHARED": 0.2,
    "M_LOCKIN": 4,
    "axis_horizons": {
      "e1": 3,
      "e2": 4,
      "e3": 5,
      "e4": 6,
      "e5": 7,
      "e6": 8,
      "e7": 9,
      "lockin": 4
    },
    "excitation_shells": [
      1,
      4,
      7,
      10
    ],
    "horizons": [
      2,
      3,
      4,
      5,
      6,
      7,
      8,
      9,
      10
    ],
    "m_max": 20,
    "m_min": 1,
    "null_trials": 2000,
    "referenceM": 4,
    "rng_seed": 42
  },
  "excitation_null_test": {
    "baseline_horizon": 4,
    "chosen_score": 3.0,
    "empirical_p_value": 0.038,
    "null_scores_summary": {
      "count": 2000,
      "mean": 7.07725,
      "p10": 4.0,
      "p50": 7.0,
      "p90": 10.0
    }
  },
  "horizon_stats": [
    {
      "excitation_score": 4.0,
      "horizon": 2,
      "lockin_well_depth": 0.12928375680864346,
      "mean_value": 0.1101465331280463,
      "min_m": 2,
      "min_value": 0.0,
      "minima_shells": [
        2
      ],
      "smoothness_no_rindler": 0.07932687227010907,
      "smoothness_rindler": 0.060141668533154474
    },
    {
      "excitation_score": 3.5,
      "horizon": 3,
      "lockin_well_depth": 0.04423626645379193,
      "mean_value": 0.07550266526154721,
      "min_m": 3,
      "min_value": 0.0,
      "minima_shells": [
        3
      ],
      "smoothness_no_rindler": 0.07090923758101317,
      "smoothness_rindler": 0.05701377290929627
    },
    {
      "excitation_score": 3.0,
      "horizon": 4,
      "lockin_well_depth": 0.0,
      "mean_value": 0.062303781223668066,
      "min_m": 4,
      "min_value": 0.0,
      "minima_shells": [
        4
      ],
      "smoothness_no_rindler": 0.06573211807480521,
      "smoothness_rindler": 0.055278841291665576
    },
    {
      "excitation_score": 3.0,
      "horizon": 5,
      "lockin_well_depth": 0.02759022331152392,
      "mean_value": 0.05683064050714585,
      "min_m": 5,
      "min_value": 0.0,
      "minima_shells": [
        5
      ],
      "smoothness_no_rindler": 0.06214742995717744,
      "smoothness_rindler": 0.054155145927444595
    },
    {
      "excitation_score": 3.0,
      "horizon": 6,
      "lockin_well_depth": 0.046674695230303785,
      "mean_value": 0.05477427323627286,
      "min_m": 6,
      "min_value": 0.0,
      "minima_shells": [
        6
      ],
      "smoothness_no_rindler": 0.05947677795090465,
      "smoothness_rindler": 0.053357877359738695
    },
    {
      "excitation_score": 3.0,
      "horizon": 7,
      "lockin_well_depth": 0.060789050594387634,
      "mean_value": 0.05441023593888951,
      "min_m": 7,
      "min_value": 0.0,
      "minima_shells": [
        7
      ],
      "smoothness_no_rindler": 0.057386374191106794,
      "smoothness_rindler": 0.052757216159515244
    },
    {
      "excitation_score": 3.5,
      "horizon": 8,
      "lockin_well_depth": 0.07172735880993171,
      "mean_value": 0.05494052454107412,
      "min_m": 8,
      "min_value": 0.0,
      "minima_shells": [
        8
      ],
      "smoothness_no_rindler": 0.055691092767980344,
      "smoothness_rindler": 0.052285039663518294
    },
    {
      "excitation_score": 4.0,
      "horizon": 9,
      "lockin_well_depth": 0.0805017563273494,
      "mean_value": 0.055958569897300935,
      "min_m": 9,
      "min_value": 0.0,
      "minima_shells": [
        9
      ],
      "smoothness_no_rindler": 0.054279113139639415,
      "smoothness_rindler": 0.05190193999691045
    },
    {
      "excitation_score": 4.5,
      "horizon": 10,
      "lockin_well_depth": 0.08772905518925514,
      "mean_value": 0.05724286984718543,
      "min_m": 10,
      "min_value": 0.0,
      "minima_shells": [
        10
      ],
      "smoothness_no_rindler": 0.05307844222621774,
      "smoothness_rindler": 0.05158342506990348
    }
  ],
  "lockin_checks": {
    "omega_k_lockin_identity_error": 0.0,
    "well_depth_lockin_identity": 0.0
  },
  "series": {
    "by_horizon": {
      "10": {
        "no_rindler": [
          0.5521560020742959,
          0.3451923864727288,
          0.23009443520772427,
          0.157912299340747,
          0.10899761653163527,
          0.07402487097790816,
          0.04802127106686077,
          0.028101526044824097,
          0.012481167705420473,
          0.0,
          0.010127224874334378,
          0.018449827101211333,
          0.025362849602618705,
          0.03115713100252992,
          0.03605115560632075,
          0.0402119560621726,
          0.04376920840922503,
          0.046824964775408345,
          0.04946051603065573,
          0.05174132166268287
        ],
        "rindler": [
          0.4601300017281965,
          0.24656599033748733,
          0.14380902200473777,
          0.08772905518925514,
          0.054498808265790386,
          0.033647668626306595,
          0.02000886294451698,
          0.01080827924800511,
          0.004457559894791434,
          0.0,
          0.003164757773228504,
          0.005426419735648795,
          0.00704523600072546,
          0.008199245000663609,
          0.009012788901577935,
          0.009574275252895958,
          0.0099475473657307,
          0.010179340168564819,
          0.01030427417305113,
          0.010348264332534503
        ]
      },